{
  "artifact_type": "tierA1_chain_component_audit",
  "bbn_consistency_contrast": {
    "guardrail": "External consistency contrast only; BBN was not included as a fitted likelihood in these chains.",
    "pulls": {
      "edcl_h0obs": {
        "omega_b_mean": 0.022262033699541283,
        "omega_b_std": 0.002255123836518224,
        "pull_sigma": 0.035340699257414065
      },
      "edcl_noh0": {
        "omega_b_mean": 0.02181684456451099,
        "omega_b_std": 0.0023484442901585134,
        "pull_sigma": -0.15056264621432708
      },
      "lcdm": {
        "omega_b_mean": 0.025109823103062427,
        "omega_b_std": 0.000782552391127095,
        "pull_sigma": 3.0630732002663303
      }
    },
    "reference": {
      "omega_b_h2_mean": 0.02218,
      "omega_b_h2_sigma": 0.00055,
      "source": "Schoneberg 2024 conservative BBN update; JCAP06(2024)006"
    }
  },
  "best_fit_components": {
    "edcl_h0obs": {
      "BAO": 10.870399,
      "H0_obs": 0.0005619891,
      "SN": 1405.3117,
      "total": 1416.1826
    },
    "edcl_noh0": {
      "BAO": 11.33518,
      "SN": 1404.9423,
      "total": 1416.2775
    },
    "lcdm": {
      "BAO": 11.185356,
      "H0": 1.0187241,
      "SN": 1405.0412,
      "total": 1417.2453
    }
  },
  "best_fit_delta_edcl_h0obs_minus_edcl_noh0_diagnostic": {
    "BAO": -0.46478099999999856,
    "SN": 0.3694000000000415,
    "total": -0.09489999999982501
  },
  "best_fit_delta_edcl_h0obs_minus_lcdm": {
    "BAO": -0.3149569999999997,
    "H0_or_H0_obs": -1.0181621109,
    "SN": 0.2705000000000837,
    "total": -1.0626999999999498
  },
  "component_sum_checks": {
    "edcl_h0obs": {
      "best_chi2_row_equals_best_minuslogpost_row": true,
      "best_row_component_sum_minus_total_chi2": 6.098909989304957e-05,
      "component_sum_columns": [
        "chi2__BAO",
        "chi2__SN",
        "chi2__H0_edcl"
      ],
      "max_abs_component_sum_minus_total_chi2": 9.704000012789038e-05
    },
    "edcl_noh0": {
      "best_chi2_row_equals_best_minuslogpost_row": true,
      "best_row_component_sum_minus_total_chi2": -1.9999999949504854e-05,
      "component_sum_columns": [
        "chi2__BAO",
        "chi2__SN"
      ],
      "max_abs_component_sum_minus_total_chi2": 9.900000009110954e-05
    },
    "lcdm": {
      "best_chi2_row_equals_best_minuslogpost_row": true,
      "best_row_component_sum_minus_total_chi2": -1.990000009755022e-05,
      "component_sum_columns": [
        "chi2__BAO",
        "chi2__SN",
        "chi2__H0"
      ],
      "max_abs_component_sum_minus_total_chi2": 9.760000011738157e-05
    }
  },
  "formula_checks": {
    "edcl_h0obs": {
      "H0_obs_equals_H0_times_1_plus_delta0_max_abs_residual": 1.1534501282994825e-06,
      "delta0_equals_alpha_R_times_0.7542_max_abs_residual": 8.456000011314302e-09
    },
    "edcl_noh0": {
      "H0_obs_equals_H0_times_1_plus_delta0_max_abs_residual": 1.0089677715541256e-06,
      "delta0_equals_alpha_R_times_0.7542_max_abs_residual": 8.70800001551153e-10
    }
  },
  "headline_weighted_posteriors": {
    "edcl_h0obs": {
      "H0": {
        "mean": 68.80295589984709,
        "q16": 66.613672,
        "q84": 70.79324,
        "std": 1.8453254539680062
      },
      "H0_obs": {
        "mean": 73.03982720508411,
        "q16": 72.088082,
        "q84": 73.99543,
        "std": 0.9512976822447514
      },
      "alpha_R": {
        "mean": 0.08262755262461964,
        "q16": 0.038800999,
        "q84": 0.12803284,
        "std": 0.04081771961258865
      },
      "delta0": {
        "mean": 0.062317700116725924,
        "q16": 0.029263714,
        "q84": 0.096562371,
        "std": 0.030784724057859963
      },
      "omega_b": {
        "mean": 0.022262033699541283,
        "q16": 0.019462003,
        "q84": 0.024809481,
        "std": 0.002255123836518224
      },
      "omega_cdm": {
        "mean": 0.12168563062308868,
        "q16": 0.11481492,
        "q84": 0.12833656,
        "std": 0.006654238277424061
      }
    },
    "edcl_noh0": {
      "H0": {
        "mean": 68.01461456451099,
        "q16": 65.879596,
        "q84": 70.314695,
        "std": 1.969324072542035
      },
      "H0_obs": {
        "mean": 68.76275655877667,
        "q16": 66.539963,
        "q84": 71.012945,
        "std": 1.966240727518786
      },
      "alpha_R": {
        "mean": 0.014672302622016724,
        "q16": 0.0023052025,
        "q84": 0.028343251,
        "std": 0.0141722356290775,
        "legacy_unweighted_row_q95": 0.04969474355,
        "q95_note": "Legacy original compact-chain row quantile; use collapse_threshold_status/current_noh0_checkpointed_diagnostics_2026_05_04 for current weighted q95 claim wording."
      },
      "delta0": {
        "mean": 0.011065850637737016,
        "q16": 0.0017385837,
        "q84": 0.02137648,
        "std": 0.010688700112370917
      },
      "omega_b": {
        "mean": 0.02181684456451099,
        "q16": 0.019176408,
        "q84": 0.024663406,
        "std": 0.0023484442901585134
      },
      "omega_cdm": {
        "mean": 0.12213917831315706,
        "q16": 0.11472745,
        "q84": 0.12939949,
        "std": 0.00725736337630061
      }
    },
    "lcdm": {
      "H0": {
        "mean": 71.36880463113468,
        "q16": 70.705391,
        "q84": 72.08871,
        "std": 0.7169925501329241
      },
      "omega_b": {
        "mean": 0.025109823103062427,
        "q16": 0.024400291,
        "q84": 0.025822965,
        "std": 0.000782552391127095
      },
      "omega_cdm": {
        "mean": 0.13055272380643895,
        "q16": 0.12538912,
        "q84": 0.13605425,
        "std": 0.005176626848045559
      }
    }
  },
  "inputs": {
    "edcl_h0obs": {
      "path": "/mnt/data/edcl_production.1(1).txt",
      "sha256": "fc89568972ec47216fcd2804f949c556d7813329d851651cbf2eb60d897b6b0b",
      "sha256_matches_manifest": true
    },
    "edcl_noh0": {
      "path": "/mnt/data/edcl_no_h0_medium.1(1).txt",
      "sha256": "99e6b66bce01cdcdb5a91f00d1acefe4c1d10b74559212a03adb1f0f3141d0d0",
      "sha256_matches_manifest": true
    },
    "lcdm": {
      "path": "/mnt/data/lcdm_production.1(1).txt",
      "sha256": "8230ad37b61ec7d1c7d8d0d813c5cc8d54e48b344e4d201c14f736223b7730f5",
      "sha256_matches_manifest": true
    }
  },
  "not_supported_by_uploaded_chains": "The uploaded chains do not support the rough heuristic that EDCL gains about -2.6 in H0 while paying about +1.5 in BAO+SN.",
  "collapse_threshold_status": {
    "legacy_original_compact_unweighted_row_q95": 0.04969474355,
    "original_compact_weighted_q95": 0.04392733,
    "sampled_density_noh0_alpha_R_q95_weighted": 0.047027602,
    "fixed_density_noh0_alpha_R_q95_weighted": 0.034149371,
    "same_model_p1p2_fixed_density_noh0_alpha_R_q95_weighted": 0.033860544,
    "configured_collapse_pass_threshold_q95": 0.03,
    "status": "FAIL_threshold_not_met",
    "interpretation": "No-H0 profile collapse is supported, but the strict posterior-tail q95 threshold is not met."
  },
  "paper_safe_interpretation": "Tier-A1 verifies an observed-frame H0_obs calibration channel: alpha_R activates under the local H0_obs likelihood, and the no-H0 control shifts alpha_R toward zero. In this chain set, however, q95(alpha_R) for the no-H0 control exceeds the configured collapse pass threshold, so the no-H0 result should be described as a collapse tendency rather than a configured-threshold pass. The total best-fit improvement over LCDM is modest and comes primarily from the H0/H0_obs term, with small BAO/SN reallocations.",